filename,width,height,class,xmin,ymin,xmax,ymax
000244709_jpg.rf.a229d38b2da3011f011866b6e0d7806c.jpg,416,416,2,162,138,182,160
000244709_jpg.rf.a229d38b2da3011f011866b6e0d7806c.jpg,416,416,+2,123,145,150,163
000390579_jpg.rf.d1b2fa00021cc4f2c8e1b332783fe1d3.jpg,416,416,+2,299,159,326,180
000390579_jpg.rf.d1b2fa00021cc4f2c8e1b332783fe1d3.jpg,416,416,+2,282,140,305,159
000390579_jpg.rf.d1b2fa00021cc4f2c8e1b332783fe1d3.jpg,416,416,reverse,259,126,281,150
000413060_jpg.rf.691f7c203bdf774a0498e8a3e0b2377b.jpg,416,416,7,280,135,319,162
000413060_jpg.rf.691f7c203bdf774a0498e8a3e0b2377b.jpg,416,416,4,260,95,294,125
000413060_jpg.rf.691f7c203bdf774a0498e8a3e0b2377b.jpg,416,416,+4,234,61,276,96
000720153_jpg.rf.27a1e732b69ce60fb406cafbc9191250.jpg,416,416,1,178,98,201,134
000720153_jpg.rf.27a1e732b69ce60fb406cafbc9191250.jpg,416,416,+2,117,89,158,121
000720153_jpg.rf.27a1e732b69ce60fb406cafbc9191250.jpg,416,416,5,83,94,113,124
000782346_jpg.rf.9e2058cf628489ef01ecfaebe603e69d.jpg,416,416,7,283,93,311,133
000782346_jpg.rf.9e2058cf628489ef01ecfaebe603e69d.jpg,416,416,3,219,89,249,124
000782346_jpg.rf.9e2058cf628489ef01ecfaebe603e69d.jpg,416,416,6,184,94,214,128
000796761_jpg.rf.d667b9e6fec651d58f24ead75fa9ca18.jpg,416,416,4,184,181,213,217
000796761_jpg.rf.d667b9e6fec651d58f24ead75fa9ca18.jpg,416,416,6,128,167,157,203
000796761_jpg.rf.d667b9e6fec651d58f24ead75fa9ca18.jpg,416,416,7,90,166,118,202
000809418_jpg.rf.7a5a16ad59a180c7cfdc6aa9ad7d5502.jpg,416,416,8,317,122,347,157
000809418_jpg.rf.7a5a16ad59a180c7cfdc6aa9ad7d5502.jpg,416,416,skip,264,98,299,130
000809418_jpg.rf.7a5a16ad59a180c7cfdc6aa9ad7d5502.jpg,416,416,5,227,90,256,126
001947084_jpg.rf.4c1be6add993f84665605e12909f18be.jpg,416,416,5,196,70,227,106
001947084_jpg.rf.4c1be6add993f84665605e12909f18be.jpg,416,416,4,150,69,181,100
001947084_jpg.rf.4c1be6add993f84665605e12909f18be.jpg,416,416,skip,107,76,140,108
002066279_jpg.rf.92d82503482986582181a58bf0d1d48c.jpg,416,416,5,125,231,145,253
002066279_jpg.rf.92d82503482986582181a58bf0d1d48c.jpg,416,416,6,98,237,123,260
002066279_jpg.rf.92d82503482986582181a58bf0d1d48c.jpg,416,416,+2,72,249,94,268
002517602_jpg.rf.006f71fee229c058cd8a1592faed5240.jpg,416,416,4,158,62,188,97
002517602_jpg.rf.006f71fee229c058cd8a1592faed5240.jpg,416,416,5,121,66,149,99
002517602_jpg.rf.006f71fee229c058cd8a1592faed5240.jpg,416,416,reverse,85,75,109,115
002647452_jpg.rf.87345f86bdb95a5da96214c01671b6d1.jpg,416,416,reverse,276,239,299,262
002647452_jpg.rf.87345f86bdb95a5da96214c01671b6d1.jpg,416,416,3,246,212,267,236
002734491_jpg.rf.6ae52319140b0d91da37e4f596ce59ce.jpg,416,416,+2,255,174,288,215
002734491_jpg.rf.6ae52319140b0d91da37e4f596ce59ce.jpg,416,416,3,223,137,256,171
002734491_jpg.rf.6ae52319140b0d91da37e4f596ce59ce.jpg,416,416,8,200,107,234,145
002757699_jpg.rf.f6d4cc66bc7806afa5a5e346154e035e.jpg,416,416,6,260,78,287,117
002757699_jpg.rf.f6d4cc66bc7806afa5a5e346154e035e.jpg,416,416,skip,208,75,243,112
002757699_jpg.rf.f6d4cc66bc7806afa5a5e346154e035e.jpg,416,416,9,166,85,199,121
003006777_jpg.rf.40af7152cefbbd37865bc263a7d63ac0.jpg,416,416,2,298,127,320,148
003006777_jpg.rf.40af7152cefbbd37865bc263a7d63ac0.jpg,416,416,6,264,125,285,151
003006777_jpg.rf.40af7152cefbbd37865bc263a7d63ac0.jpg,416,416,7,235,131,253,155
003051316_jpg.rf.99b82bc6e2e2d5c15256ba8ce4048a8e.jpg,416,416,1,274,215,292,240
003051316_jpg.rf.99b82bc6e2e2d5c15256ba8ce4048a8e.jpg,416,416,+2,263,199,283,217
003051316_jpg.rf.99b82bc6e2e2d5c15256ba8ce4048a8e.jpg,416,416,+2,248,181,270,202
003098703_jpg.rf.c041eb27b0e41814353e40bcb55fbc5a.jpg,416,416,skip,248,162,287,194
003098703_jpg.rf.c041eb27b0e41814353e40bcb55fbc5a.jpg,416,416,9,230,113,268,153
003098703_jpg.rf.c041eb27b0e41814353e40bcb55fbc5a.jpg,416,416,1,218,88,245,119
003311976_jpg.rf.e224372edf78761aaa6292439592ff12.jpg,416,416,8,164,204,196,244
003311976_jpg.rf.e224372edf78761aaa6292439592ff12.jpg,416,416,2,130,179,165,213
003311976_jpg.rf.e224372edf78761aaa6292439592ff12.jpg,416,416,1,94,156,118,192
003826170_jpg.rf.cd780503c7f5c2e6708102f45fc6cc75.jpg,416,416,+4,224,141,248,166
003826170_jpg.rf.cd780503c7f5c2e6708102f45fc6cc75.jpg,416,416,skip,212,113,237,137
003826170_jpg.rf.cd780503c7f5c2e6708102f45fc6cc75.jpg,416,416,skip,198,92,223,115
003946656_jpg.rf.27c74c8841d5328c2597cb8cce92d7bf.jpg,416,416,7,271,215,295,237
003946656_jpg.rf.27c74c8841d5328c2597cb8cce92d7bf.jpg,416,416,8,248,194,270,217
003946656_jpg.rf.27c74c8841d5328c2597cb8cce92d7bf.jpg,416,416,5,228,181,247,204
004048634_jpg.rf.368d7cde6214748cd8ce9f2f86d237d9.jpg,416,416,3,267,179,302,218
004048634_jpg.rf.368d7cde6214748cd8ce9f2f86d237d9.jpg,416,416,4,239,150,272,182
004048634_jpg.rf.368d7cde6214748cd8ce9f2f86d237d9.jpg,416,416,5,205,120,236,158
004185017_jpg.rf.51b53e44fe153ed1a8ec7464dc6b6f34.jpg,416,416,8,156,162,179,187
004185017_jpg.rf.51b53e44fe153ed1a8ec7464dc6b6f34.jpg,416,416,+4,137,150,161,170
004185017_jpg.rf.51b53e44fe153ed1a8ec7464dc6b6f34.jpg,416,416,0,117,140,134,162
004335098_jpg.rf.342cca02db75c34f93871cffb6d1f403.jpg,416,416,+4,199,174,227,197
004335098_jpg.rf.342cca02db75c34f93871cffb6d1f403.jpg,416,416,9,176,171,194,197
004335098_jpg.rf.342cca02db75c34f93871cffb6d1f403.jpg,416,416,6,146,175,168,201
004712308_jpg.rf.135b8544eac17aa41729df036fc556fc.jpg,416,416,5,191,123,219,159
004712308_jpg.rf.135b8544eac17aa41729df036fc556fc.jpg,416,416,reverse,141,135,163,177
004712308_jpg.rf.135b8544eac17aa41729df036fc556fc.jpg,416,416,6,107,153,137,191
004720880_jpg.rf.de6389c8e1772d334f653c4c1fccb5d9.jpg,416,416,4,157,88,178,114
004720880_jpg.rf.de6389c8e1772d334f653c4c1fccb5d9.jpg,416,416,+2,130,91,155,113
004720880_jpg.rf.de6389c8e1772d334f653c4c1fccb5d9.jpg,416,416,reverse,110,98,126,122
005061542_jpg.rf.4a1043c2e57c89a9715febbfe559fe68.jpg,416,416,change_color,138,206,170,246
005061542_jpg.rf.4a1043c2e57c89a9715febbfe559fe68.jpg,416,416,5,106,206,131,242
005061542_jpg.rf.4a1043c2e57c89a9715febbfe559fe68.jpg,416,416,5,59,210,89,244
005148218_jpg.rf.6e9847fb0ad7887e9e77474ecc52c055.jpg,416,416,0,160,160,180,187
005148218_jpg.rf.6e9847fb0ad7887e9e77474ecc52c055.jpg,416,416,change_color,126,167,144,196
005148218_jpg.rf.6e9847fb0ad7887e9e77474ecc52c055.jpg,416,416,7,96,180,118,205
005173112_jpg.rf.1b21809224ccb24e1b9946b7ffd05404.jpg,416,416,8,245,128,273,163
005173112_jpg.rf.1b21809224ccb24e1b9946b7ffd05404.jpg,416,416,4,194,123,223,159
005173112_jpg.rf.1b21809224ccb24e1b9946b7ffd05404.jpg,416,416,3,161,130,189,164
005303677_jpg.rf.386e1b1aeb9cd1d78d1a5bca64ae90e3.jpg,416,416,9,318,213,351,254
005303677_jpg.rf.386e1b1aeb9cd1d78d1a5bca64ae90e3.jpg,416,416,+4,274,176,316,213
005303677_jpg.rf.386e1b1aeb9cd1d78d1a5bca64ae90e3.jpg,416,416,1,246,163,265,202
005326023_jpg.rf.872fd89b168c7a5f22ba8a99b40592c7.jpg,416,416,skip,213,178,248,212
005326023_jpg.rf.872fd89b168c7a5f22ba8a99b40592c7.jpg,416,416,6,158,172,186,212
005326023_jpg.rf.872fd89b168c7a5f22ba8a99b40592c7.jpg,416,416,skip,118,180,148,216
005542720_jpg.rf.5eefca3f8394b8be5110a9bc08a0b3ff.jpg,416,416,5,268,144,304,181
005542720_jpg.rf.5eefca3f8394b8be5110a9bc08a0b3ff.jpg,416,416,8,215,94,245,128
005680861_jpg.rf.5e22ab48f1503e67adbc85196b2626f9.jpg,416,416,9,138,123,170,161
005680861_jpg.rf.5e22ab48f1503e67adbc85196b2626f9.jpg,416,416,4,96,111,127,144
005816632_jpg.rf.cfda0e4be9294b137b01e3393fbe2ec0.jpg,416,416,reverse,181,103,221,132
005816632_jpg.rf.cfda0e4be9294b137b01e3393fbe2ec0.jpg,416,416,8,155,64,187,101
005816632_jpg.rf.cfda0e4be9294b137b01e3393fbe2ec0.jpg,416,416,+2,133,46,165,76
005884311_jpg.rf.0b82cb344c65bec81ea24eefdc2602c4.jpg,416,416,0,178,156,209,187
005884311_jpg.rf.0b82cb344c65bec81ea24eefdc2602c4.jpg,416,416,4,141,125,174,156
005884311_jpg.rf.0b82cb344c65bec81ea24eefdc2602c4.jpg,416,416,reverse,111,105,143,140
006033944_jpg.rf.918ca87d258785a69071d3d5c75408d4.jpg,416,416,0,252,178,281,213
006033944_jpg.rf.918ca87d258785a69071d3d5c75408d4.jpg,416,416,0,216,183,246,218
006033944_jpg.rf.918ca87d258785a69071d3d5c75408d4.jpg,416,416,+2,175,194,211,227
006349819_jpg.rf.86b8bd0c8c01e83dae8257729fef93b6.jpg,416,416,6,149,181,172,207
006349819_jpg.rf.86b8bd0c8c01e83dae8257729fef93b6.jpg,416,416,8,130,155,151,180
006349819_jpg.rf.86b8bd0c8c01e83dae8257729fef93b6.jpg,416,416,1,107,139,125,163
006484199_jpg.rf.05db4fdd8478d21221b6ed0ba330fb3a.jpg,416,416,6,154,205,181,244
006484199_jpg.rf.05db4fdd8478d21221b6ed0ba330fb3a.jpg,416,416,9,118,190,142,226
006484199_jpg.rf.05db4fdd8478d21221b6ed0ba330fb3a.jpg,416,416,7,72,183,100,219
006699724_jpg.rf.e6e99450784aad56530ca98ba604009a.jpg,416,416,6,172,90,207,126
006699724_jpg.rf.e6e99450784aad56530ca98ba604009a.jpg,416,416,+2,145,66,181,99
006699724_jpg.rf.e6e99450784aad56530ca98ba604009a.jpg,416,416,0,107,46,136,78
007069050_jpg.rf.9bdabbdb641b4606fe5ac9b22206c3c9.jpg,416,416,skip,170,159,208,196
007069050_jpg.rf.9bdabbdb641b4606fe5ac9b22206c3c9.jpg,416,416,8,144,123,178,161
007069050_jpg.rf.9bdabbdb641b4606fe5ac9b22206c3c9.jpg,416,416,9,120,99,150,135
007182443_jpg.rf.957640e4c3d265902393418ed8df5ddd.jpg,416,416,+2,286,201,318,242
007182443_jpg.rf.957640e4c3d265902393418ed8df5ddd.jpg,416,416,6,260,159,301,192
007182443_jpg.rf.957640e4c3d265902393418ed8df5ddd.jpg,416,416,5,238,123,275,161
007503546_jpg.rf.e28cb047fe23d5332a6eed002c5f01ce.jpg,416,416,9,190,151,209,177
007503546_jpg.rf.e28cb047fe23d5332a6eed002c5f01ce.jpg,416,416,7,156,153,176,174
007503546_jpg.rf.e28cb047fe23d5332a6eed002c5f01ce.jpg,416,416,reverse,138,157,155,185
007588095_jpg.rf.7e6b9ab45fe0091bf6a715586baa02a8.jpg,416,416,+4,237,103,281,135
007588095_jpg.rf.7e6b9ab45fe0091bf6a715586baa02a8.jpg,416,416,8,178,107,211,137
007588095_jpg.rf.7e6b9ab45fe0091bf6a715586baa02a8.jpg,416,416,7,141,113,173,148
007598080_jpg.rf.85c4224c27c5962a665f78aaee1dc567.jpg,416,416,7,248,174,268,198
007598080_jpg.rf.85c4224c27c5962a665f78aaee1dc567.jpg,416,416,4,219,161,239,187
007598080_jpg.rf.85c4224c27c5962a665f78aaee1dc567.jpg,416,416,4,192,154,213,176
007709946_jpg.rf.0b161679c936a3738c3ebe5b299615db.jpg,416,416,6,194,244,219,264
007709946_jpg.rf.0b161679c936a3738c3ebe5b299615db.jpg,416,416,1,179,209,201,231
007709946_jpg.rf.0b161679c936a3738c3ebe5b299615db.jpg,416,416,4,162,193,185,214
007749224_jpg.rf.b0ee0e3583c1a69f97430c431ee2a222.jpg,416,416,1,180,214,209,248
007749224_jpg.rf.b0ee0e3583c1a69f97430c431ee2a222.jpg,416,416,+2,124,229,165,259
007749224_jpg.rf.b0ee0e3583c1a69f97430c431ee2a222.jpg,416,416,9,92,249,129,284
007754522_jpg.rf.384a86bffc603488fc871553db719a83.jpg,416,416,4,266,194,286,218
007754522_jpg.rf.384a86bffc603488fc871553db719a83.jpg,416,416,6,236,180,254,206
007754522_jpg.rf.384a86bffc603488fc871553db719a83.jpg,416,416,reverse,209,172,225,200
008597192_jpg.rf.1375084d8800c5009a3c5a7607ff0bad.jpg,416,416,3,301,81,332,117
008597192_jpg.rf.1375084d8800c5009a3c5a7607ff0bad.jpg,416,416,5,263,64,291,103
008597192_jpg.rf.1375084d8800c5009a3c5a7607ff0bad.jpg,416,416,9,227,59,255,94
008604796_jpg.rf.1ec7874731cf2c5519dda6089c882f8e.jpg,416,416,+4,245,102,290,141
008604796_jpg.rf.1ec7874731cf2c5519dda6089c882f8e.jpg,416,416,7,195,94,224,131
008604796_jpg.rf.1ec7874731cf2c5519dda6089c882f8e.jpg,416,416,8,156,97,188,133
008890211_jpg.rf.77ea21d53bfe96a02fb2f4a617486baf.jpg,416,416,4,135,158,157,182
008890211_jpg.rf.77ea21d53bfe96a02fb2f4a617486baf.jpg,416,416,1,110,166,129,193
008890211_jpg.rf.77ea21d53bfe96a02fb2f4a617486baf.jpg,416,416,4,88,177,107,202
009068973_jpg.rf.7b797189902b499e213ca9e8d03d61d3.jpg,416,416,5,151,103,173,128
009068973_jpg.rf.7b797189902b499e213ca9e8d03d61d3.jpg,416,416,0,123,89,144,115
009068973_jpg.rf.7b797189902b499e213ca9e8d03d61d3.jpg,416,416,+4,92,83,119,105
009461151_jpg.rf.16c770653c23a223b64f4d5dd465b93b.jpg,416,416,reverse,217,117,257,140
009461151_jpg.rf.16c770653c23a223b64f4d5dd465b93b.jpg,416,416,+2,206,71,242,108
009461151_jpg.rf.16c770653c23a223b64f4d5dd465b93b.jpg,416,416,5,181,35,215,70
009512364_jpg.rf.4b3223639006195b3f6d380506f2f686.jpg,416,416,9,305,249,330,271
009512364_jpg.rf.4b3223639006195b3f6d380506f2f686.jpg,416,416,1,298,230,317,251
009512364_jpg.rf.4b3223639006195b3f6d380506f2f686.jpg,416,416,8,276,207,299,230
009537550_jpg.rf.c73986b4996b250c47afa66b95d36c4f.jpg,416,416,skip,272,118,310,156
009537550_jpg.rf.c73986b4996b250c47afa66b95d36c4f.jpg,416,416,9,234,129,270,166
009537550_jpg.rf.c73986b4996b250c47afa66b95d36c4f.jpg,416,416,4,196,151,228,184
009557302_jpg.rf.ff5a3508519bbb968cc296d28c314d67.jpg,416,416,+2,311,115,348,151
009557302_jpg.rf.ff5a3508519bbb968cc296d28c314d67.jpg,416,416,+4,258,102,301,133
009557302_jpg.rf.ff5a3508519bbb968cc296d28c314d67.jpg,416,416,reverse,224,101,248,135
009583335_jpg.rf.17d10de0669c7a7217ce979a6f2a7feb.jpg,416,416,+2,190,135,216,158
009583335_jpg.rf.17d10de0669c7a7217ce979a6f2a7feb.jpg,416,416,2,166,132,183,154
009583335_jpg.rf.17d10de0669c7a7217ce979a6f2a7feb.jpg,416,416,0,142,133,161,157
009585679_jpg.rf.b0dc8f95c64fdd1a51949bd9b69dc0d9.jpg,416,416,skip,243,81,281,117
009585679_jpg.rf.b0dc8f95c64fdd1a51949bd9b69dc0d9.jpg,416,416,1,186,66,214,105
009585679_jpg.rf.b0dc8f95c64fdd1a51949bd9b69dc0d9.jpg,416,416,2,152,68,184,105
009743532_jpg.rf.600774a53ceafad38e60374bdfa4f24c.jpg,416,416,3,284,203,313,238
009743532_jpg.rf.600774a53ceafad38e60374bdfa4f24c.jpg,416,416,change_color,236,190,270,228
009743532_jpg.rf.600774a53ceafad38e60374bdfa4f24c.jpg,416,416,6,194,189,227,228
009767997_jpg.rf.1863f7537630ed1b5a3f4fd51dad47fd.jpg,416,416,2,152,218,173,245
009767997_jpg.rf.1863f7537630ed1b5a3f4fd51dad47fd.jpg,416,416,4,117,219,136,243
009767997_jpg.rf.1863f7537630ed1b5a3f4fd51dad47fd.jpg,416,416,0,95,229,114,249
009866013_jpg.rf.ed93834793e2109e4704037bf91b4d17.jpg,416,416,7,197,92,219,122
009866013_jpg.rf.ed93834793e2109e4704037bf91b4d17.jpg,416,416,8,169,93,189,116
009866013_jpg.rf.ed93834793e2109e4704037bf91b4d17.jpg,416,416,0,147,101,168,121
010164233_jpg.rf.b0391cdbe916da3327d0176a77a9e018.jpg,416,416,7,215,80,247,123
010164233_jpg.rf.b0391cdbe916da3327d0176a77a9e018.jpg,416,416,3,163,61,190,99
010164233_jpg.rf.b0391cdbe916da3327d0176a77a9e018.jpg,416,416,change_color,128,53,158,94
010219025_jpg.rf.c94ab3bbc9c00e4900c3493b72f61ada.jpg,416,416,1,167,212,190,237
010219025_jpg.rf.c94ab3bbc9c00e4900c3493b72f61ada.jpg,416,416,3,130,213,153,239
010219025_jpg.rf.c94ab3bbc9c00e4900c3493b72f61ada.jpg,416,416,reverse,110,217,127,244
010254906_jpg.rf.c6adf2d7018d18aa7fc3671ba28b64b0.jpg,416,416,reverse,300,171,338,209
010254906_jpg.rf.c6adf2d7018d18aa7fc3671ba28b64b0.jpg,416,416,4,268,149,297,185
010254906_jpg.rf.c6adf2d7018d18aa7fc3671ba28b64b0.jpg,416,416,9,239,138,263,175
010381428_jpg.rf.cb10d366c635e8382244b347bc08d64a.jpg,416,416,+4,220,176,264,213
010381428_jpg.rf.cb10d366c635e8382244b347bc08d64a.jpg,416,416,6,158,174,192,216
010381428_jpg.rf.cb10d366c635e8382244b347bc08d64a.jpg,416,416,7,123,182,153,221
010745891_jpg.rf.ab01c6ab4f7b63257b5023e75fe263ad.jpg,416,416,3,286,221,318,257
010745891_jpg.rf.ab01c6ab4f7b63257b5023e75fe263ad.jpg,416,416,change_color,232,192,268,231
010745891_jpg.rf.ab01c6ab4f7b63257b5023e75fe263ad.jpg,416,416,7,200,181,228,220
011058111_jpg.rf.12d74788aed8773edddb871203adad45.jpg,416,416,9,222,126,250,168
011058111_jpg.rf.12d74788aed8773edddb871203adad45.jpg,416,416,6,176,115,206,154
011058111_jpg.rf.12d74788aed8773edddb871203adad45.jpg,416,416,5,130,117,165,156
011282461_jpg.rf.aff17729f074306432a1b6b6d7b07a69.jpg,416,416,skip,163,170,187,198
011282461_jpg.rf.aff17729f074306432a1b6b6d7b07a69.jpg,416,416,5,129,175,152,199
011388924_jpg.rf.45376f36de9a130911945c7b73f509f5.jpg,416,416,4,266,160,285,181
011388924_jpg.rf.45376f36de9a130911945c7b73f509f5.jpg,416,416,9,250,141,271,169
011388924_jpg.rf.45376f36de9a130911945c7b73f509f5.jpg,416,416,6,227,124,249,151
011708851_jpg.rf.eeae631beb177addb06392455913b1ed.jpg,416,416,7,225,148,251,172
011708851_jpg.rf.eeae631beb177addb06392455913b1ed.jpg,416,416,2,201,125,226,150
011708851_jpg.rf.eeae631beb177addb06392455913b1ed.jpg,416,416,1,177,107,197,137
011732267_jpg.rf.d5e0d927b4dc48a519fdc98926aca2da.jpg,416,416,7,212,159,247,195
011732267_jpg.rf.d5e0d927b4dc48a519fdc98926aca2da.jpg,416,416,9,177,164,211,204
011732267_jpg.rf.d5e0d927b4dc48a519fdc98926aca2da.jpg,416,416,9,133,176,169,213
011939643_jpg.rf.d3196805f99bf4790c52ead24a39c5a2.jpg,416,416,8,299,194,331,235
011939643_jpg.rf.d3196805f99bf4790c52ead24a39c5a2.jpg,416,416,1,261,179,285,215
011939643_jpg.rf.d3196805f99bf4790c52ead24a39c5a2.jpg,416,416,9,227,172,251,212
012027993_jpg.rf.9110b501954f21d9471915f36e723408.jpg,416,416,4,256,120,291,150
012027993_jpg.rf.9110b501954f21d9471915f36e723408.jpg,416,416,skip,236,72,277,106
012027993_jpg.rf.9110b501954f21d9471915f36e723408.jpg,416,416,reverse,210,36,250,65
012307896_jpg.rf.3238bd101eef2fa6e037a10ffcaa080a.jpg,416,416,5,254,126,274,153
012307896_jpg.rf.3238bd101eef2fa6e037a10ffcaa080a.jpg,416,416,change_color,221,134,244,164
012379177_jpg.rf.c82fbb365263087d873e88e12b4ce607.jpg,416,416,2,188,107,227,144
012379177_jpg.rf.c82fbb365263087d873e88e12b4ce607.jpg,416,416,4,172,80,204,113
012379177_jpg.rf.c82fbb365263087d873e88e12b4ce607.jpg,416,416,8,142,51,174,82
012439413_jpg.rf.4bfe04a83b12cb779d6ed2df015a9bbb.jpg,416,416,+2,228,208,268,243
012439413_jpg.rf.4bfe04a83b12cb779d6ed2df015a9bbb.jpg,416,416,reverse,176,206,201,246
012439413_jpg.rf.4bfe04a83b12cb779d6ed2df015a9bbb.jpg,416,416,1,132,218,169,255
012722304_jpg.rf.8212692c40a58e8656990df16f68563d.jpg,416,416,+2,190,196,213,216
012722304_jpg.rf.8212692c40a58e8656990df16f68563d.jpg,416,416,7,163,185,183,211
012722304_jpg.rf.8212692c40a58e8656990df16f68563d.jpg,416,416,5,140,183,159,206
013178764_jpg.rf.7f719fb1fd4f1683862ca32c4f192528.jpg,416,416,reverse,170,253,198,272
013178764_jpg.rf.7f719fb1fd4f1683862ca32c4f192528.jpg,416,416,1,153,224,171,246
013285731_jpg.rf.bbe1a06f23d80872556598ed48aa3456.jpg,416,416,reverse,198,226,236,264
013285731_jpg.rf.bbe1a06f23d80872556598ed48aa3456.jpg,416,416,3,142,210,173,245
013285731_jpg.rf.bbe1a06f23d80872556598ed48aa3456.jpg,416,416,5,107,208,136,243
013655516_jpg.rf.21874cbce593f66421ede9a7133d7fdf.jpg,416,416,change_color,269,163,292,189
013655516_jpg.rf.21874cbce593f66421ede9a7133d7fdf.jpg,416,416,1,243,160,262,186
013655516_jpg.rf.21874cbce593f66421ede9a7133d7fdf.jpg,416,416,skip,220,165,238,190
013699537_jpg.rf.6f2dc4305e1e7305e4bd00464ce5c840.jpg,416,416,2,209,133,243,175
013699537_jpg.rf.6f2dc4305e1e7305e4bd00464ce5c840.jpg,416,416,1,150,141,181,175
013741591_jpg.rf.519653d689da6d8203b745307c9fddd9.jpg,416,416,2,317,240,353,274
013741591_jpg.rf.519653d689da6d8203b745307c9fddd9.jpg,416,416,+4,287,190,331,241
013741591_jpg.rf.519653d689da6d8203b745307c9fddd9.jpg,416,416,1,265,175,292,209
013849907_jpg.rf.433bd4628eeba128fdc11950a81a502d.jpg,416,416,9,156,213,189,256
013849907_jpg.rf.433bd4628eeba128fdc11950a81a502d.jpg,416,416,5,100,209,132,246
013849907_jpg.rf.433bd4628eeba128fdc11950a81a502d.jpg,416,416,1,63,218,94,252
014382249_jpg.rf.cfdc42e3431512848eeebbd7a4ed1cf3.jpg,416,416,6,279,236,304,255
014382249_jpg.rf.cfdc42e3431512848eeebbd7a4ed1cf3.jpg,416,416,6,269,206,296,234
014382249_jpg.rf.cfdc42e3431512848eeebbd7a4ed1cf3.jpg,416,416,1,257,186,278,209
014414869_jpg.rf.ddd2711eab3fbdf6f8e26a0f03efe9f7.jpg,416,416,7,209,132,249,167
014414869_jpg.rf.ddd2711eab3fbdf6f8e26a0f03efe9f7.jpg,416,416,+2,181,97,218,136
014414869_jpg.rf.ddd2711eab3fbdf6f8e26a0f03efe9f7.jpg,416,416,reverse,146,74,183,110
014501511_jpg.rf.f08b12affb8887230c70bb8ae20ba7ad.jpg,416,416,change_color,220,122,255,162
014501511_jpg.rf.f08b12affb8887230c70bb8ae20ba7ad.jpg,416,416,8,161,111,195,146
014501511_jpg.rf.f08b12affb8887230c70bb8ae20ba7ad.jpg,416,416,1,121,115,152,150
014650651_jpg.rf.9c92654bfd6d1d75af5e07b884829f14.jpg,416,416,0,232,217,254,242
014650651_jpg.rf.9c92654bfd6d1d75af5e07b884829f14.jpg,416,416,change_color,208,223,229,249
014650651_jpg.rf.9c92654bfd6d1d75af5e07b884829f14.jpg,416,416,0,182,235,203,259
014713482_jpg.rf.e2ddb952dbea91021f87fc3fbe3fb7b5.jpg,416,416,0,275,212,298,238
014713482_jpg.rf.e2ddb952dbea91021f87fc3fbe3fb7b5.jpg,416,416,skip,259,197,282,217
014713482_jpg.rf.e2ddb952dbea91021f87fc3fbe3fb7b5.jpg,416,416,skip,241,183,263,204
015016805_jpg.rf.81dac570a9678d417e0d17a0381405d9.jpg,416,416,1,292,222,310,246
015016805_jpg.rf.81dac570a9678d417e0d17a0381405d9.jpg,416,416,7,260,217,281,244
015016805_jpg.rf.81dac570a9678d417e0d17a0381405d9.jpg,416,416,8,240,219,257,240
015110394_jpg.rf.0d4e686929063947845b6242ca8b0c4e.jpg,416,416,3,224,138,254,178
015110394_jpg.rf.0d4e686929063947845b6242ca8b0c4e.jpg,416,416,0,176,144,208,181
015110394_jpg.rf.0d4e686929063947845b6242ca8b0c4e.jpg,416,416,6,137,160,172,195
015121792_jpg.rf.d84105edf1e493ba8d03a59eb268a811.jpg,416,416,skip,214,106,237,131
015121792_jpg.rf.d84105edf1e493ba8d03a59eb268a811.jpg,416,416,+2,187,110,211,131
015121792_jpg.rf.d84105edf1e493ba8d03a59eb268a811.jpg,416,416,reverse,162,122,182,149
015293212_jpg.rf.d522303c939f481f6fc589f10ab5c33a.jpg,416,416,1,217,226,234,252
015293212_jpg.rf.d522303c939f481f6fc589f10ab5c33a.jpg,416,416,5,182,227,202,252
015293212_jpg.rf.d522303c939f481f6fc589f10ab5c33a.jpg,416,416,reverse,162,232,174,254
015312042_jpg.rf.81213a233f98fe198d34e00d6ebc2bbe.jpg,416,416,+2,283,153,320,193
015312042_jpg.rf.81213a233f98fe198d34e00d6ebc2bbe.jpg,416,416,8,235,107,268,142
015312042_jpg.rf.81213a233f98fe198d34e00d6ebc2bbe.jpg,416,416,skip,205,93,236,125
016043035_jpg.rf.91b524d26272220d6d588e36d65d4690.jpg,416,416,+4,181,203,222,233
016043035_jpg.rf.91b524d26272220d6d588e36d65d4690.jpg,416,416,1,137,218,168,250
016043035_jpg.rf.91b524d26272220d6d588e36d65d4690.jpg,416,416,9,99,238,136,275
016405969_jpg.rf.b7b118eb946902fa6d071281112bcdbd.jpg,416,416,6,205,117,242,147
016405969_jpg.rf.b7b118eb946902fa6d071281112bcdbd.jpg,416,416,5,180,71,213,102
016405969_jpg.rf.b7b118eb946902fa6d071281112bcdbd.jpg,416,416,skip,152,45,188,74
016659227_jpg.rf.38721a2eaa8d6cb0f1aa6820a24c922f.jpg,416,416,4,195,133,217,155
016659227_jpg.rf.38721a2eaa8d6cb0f1aa6820a24c922f.jpg,416,416,0,169,106,190,129
016659227_jpg.rf.38721a2eaa8d6cb0f1aa6820a24c922f.jpg,416,416,4,150,94,167,119
016712161_jpg.rf.3d351b6684be5e19702ce2e7fcb85882.jpg,416,416,5,174,195,207,234
016712161_jpg.rf.3d351b6684be5e19702ce2e7fcb85882.jpg,416,416,0,130,172,162,210
016712161_jpg.rf.3d351b6684be5e19702ce2e7fcb85882.jpg,416,416,skip,98,164,128,200
016917522_jpg.rf.ef3bc683fd5e5774cb6fee2b233c54df.jpg,416,416,9,242,210,263,235
016917522_jpg.rf.ef3bc683fd5e5774cb6fee2b233c54df.jpg,416,416,8,210,192,235,221
016917522_jpg.rf.ef3bc683fd5e5774cb6fee2b233c54df.jpg,416,416,1,187,185,205,213
017017343_jpg.rf.4b3b5e5246a13e80a36ea443397a60b7.jpg,416,416,1,218,192,245,232
017017343_jpg.rf.4b3b5e5246a13e80a36ea443397a60b7.jpg,416,416,8,145,200,177,236
017027998_jpg.rf.39682fcb8363deb00b1026b1d40d6a44.jpg,416,416,+4,246,58,291,93
017027998_jpg.rf.39682fcb8363deb00b1026b1d40d6a44.jpg,416,416,reverse,212,71,234,116
017027998_jpg.rf.39682fcb8363deb00b1026b1d40d6a44.jpg,416,416,3,166,96,198,129
017051289_jpg.rf.335556089bafa526c955cb6ba73495ad.jpg,416,416,7,266,215,296,259
017051289_jpg.rf.335556089bafa526c955cb6ba73495ad.jpg,416,416,reverse,227,217,248,257
017051289_jpg.rf.335556089bafa526c955cb6ba73495ad.jpg,416,416,5,176,230,209,271
017391988_jpg.rf.3fc84c877d520a7ef7d5a2c520733d74.jpg,416,416,3,297,117,336,148
017391988_jpg.rf.3fc84c877d520a7ef7d5a2c520733d74.jpg,416,416,7,284,75,324,101
017548193_jpg.rf.83169bde6627bfe9bc2d9b0c0c32f203.jpg,416,416,4,262,189,283,209
017548193_jpg.rf.83169bde6627bfe9bc2d9b0c0c32f203.jpg,416,416,9,243,175,263,198
017548193_jpg.rf.83169bde6627bfe9bc2d9b0c0c32f203.jpg,416,416,+2,222,163,245,185
017733719_jpg.rf.516ebbb6e052836990ec935b8a2ba9d9.jpg,416,416,1,309,112,341,143
017733719_jpg.rf.516ebbb6e052836990ec935b8a2ba9d9.jpg,416,416,4,274,86,308,121
017733719_jpg.rf.516ebbb6e052836990ec935b8a2ba9d9.jpg,416,416,skip,236,67,277,100
017833068_jpg.rf.c1ba063334da13e0f039ca1240486173.jpg,416,416,5,310,181,334,204
017833068_jpg.rf.c1ba063334da13e0f039ca1240486173.jpg,416,416,2,270,147,290,172
017833068_jpg.rf.c1ba063334da13e0f039ca1240486173.jpg,416,416,+4,292,163,319,186
017931371_jpg.rf.6c438b7162970b2ea140b6190e588bbe.jpg,416,416,1,274,260,295,284
017931371_jpg.rf.6c438b7162970b2ea140b6190e588bbe.jpg,416,416,2,251,236,274,262
017931371_jpg.rf.6c438b7162970b2ea140b6190e588bbe.jpg,416,416,9,234,224,253,249
018161773_jpg.rf.10e81d7b634822b7efefb0908065c6a0.jpg,416,416,+4,256,144,284,165
018161773_jpg.rf.10e81d7b634822b7efefb0908065c6a0.jpg,416,416,+4,230,136,255,158
018161773_jpg.rf.10e81d7b634822b7efefb0908065c6a0.jpg,416,416,0,202,136,220,158
018621052_jpg.rf.328a58689716a78aa8933eca1427b296.jpg,416,416,7,235,230,255,255
018621052_jpg.rf.328a58689716a78aa8933eca1427b296.jpg,416,416,2,203,227,223,255
018621052_jpg.rf.328a58689716a78aa8933eca1427b296.jpg,416,416,9,174,231,195,256
018851415_jpg.rf.bb6182069215dc09ad50c4bec6b46749.jpg,416,416,3,169,227,191,247
018851415_jpg.rf.bb6182069215dc09ad50c4bec6b46749.jpg,416,416,1,145,199,163,222
018918083_jpg.rf.5024e7f20414288965a485a4aea2a983.jpg,416,416,5,182,176,217,210
018918083_jpg.rf.5024e7f20414288965a485a4aea2a983.jpg,416,416,2,143,139,178,177
019237279_jpg.rf.fdf8918cc791e8128ea78fbc43b4c6f3.jpg,416,416,6,318,246,358,278
019237279_jpg.rf.fdf8918cc791e8128ea78fbc43b4c6f3.jpg,416,416,reverse,283,167,324,199
019326312_jpg.rf.8ce2c3a0ac50f94452606ab54a4eb62a.jpg,416,416,skip,274,121,307,160
019326312_jpg.rf.8ce2c3a0ac50f94452606ab54a4eb62a.jpg,416,416,7,251,67,287,100
019326312_jpg.rf.8ce2c3a0ac50f94452606ab54a4eb62a.jpg,416,416,5,222,33,258,69
019429943_jpg.rf.e9a8e2e5349b1b9fc334471766a3b84e.jpg,416,416,reverse,155,82,174,109
019429943_jpg.rf.e9a8e2e5349b1b9fc334471766a3b84e.jpg,416,416,+4,123,84,149,107
019500614_jpg.rf.12336ef5f0e0571ac0cb4173751ba55a.jpg,416,416,2,163,130,184,154
019500614_jpg.rf.12336ef5f0e0571ac0cb4173751ba55a.jpg,416,416,1,136,119,154,144
019500614_jpg.rf.12336ef5f0e0571ac0cb4173751ba55a.jpg,416,416,5,108,117,126,142
019572304_jpg.rf.2d4ac5e560e2d56a0906638e009bd095.jpg,416,416,3,216,139,235,165
019572304_jpg.rf.2d4ac5e560e2d56a0906638e009bd095.jpg,416,416,5,186,133,204,158
019572304_jpg.rf.2d4ac5e560e2d56a0906638e009bd095.jpg,416,416,1,160,134,182,160
019814338_jpg.rf.5a58c75622a20a22176bc1abc7732515.jpg,416,416,change_color,210,197,237,223
019814338_jpg.rf.5a58c75622a20a22176bc1abc7732515.jpg,416,416,5,191,180,212,203
019814338_jpg.rf.5a58c75622a20a22176bc1abc7732515.jpg,416,416,8,167,170,186,195
019953785_jpg.rf.e44937c9dd3ce1047435e069e801ed14.jpg,416,416,2,239,226,262,253
019953785_jpg.rf.e44937c9dd3ce1047435e069e801ed14.jpg,416,416,+4,216,209,245,233
019953785_jpg.rf.e44937c9dd3ce1047435e069e801ed14.jpg,416,416,8,197,198,214,222
020140150_jpg.rf.993b2f1dd0b510e9abc98bf320eaf20c.jpg,416,416,5,250,129,287,160
020140150_jpg.rf.993b2f1dd0b510e9abc98bf320eaf20c.jpg,416,416,change_color,216,88,259,119
020140150_jpg.rf.993b2f1dd0b510e9abc98bf320eaf20c.jpg,416,416,0,195,63,222,99
020810659_jpg.rf.6412d744894489a2682612334ba4dc41.jpg,416,416,change_color,283,104,309,128
020810659_jpg.rf.6412d744894489a2682612334ba4dc41.jpg,416,416,9,258,89,278,117
020810659_jpg.rf.6412d744894489a2682612334ba4dc41.jpg,416,416,6,237,83,253,108
020852478_jpg.rf.162d56721387206e202e8b63e54bb460.jpg,416,416,9,219,181,255,223
020852478_jpg.rf.162d56721387206e202e8b63e54bb460.jpg,416,416,5,181,164,212,205
020852478_jpg.rf.162d56721387206e202e8b63e54bb460.jpg,416,416,5,147,160,174,195
020942501_jpg.rf.14c1f02ac7a08d6fc4d59853772835e8.jpg,416,416,0,238,69,266,104
020942501_jpg.rf.14c1f02ac7a08d6fc4d59853772835e8.jpg,416,416,5,179,54,210,93
021035215_jpg.rf.6c4a132a5fd51e1dd7f9f94ec90e2f28.jpg,416,416,skip,239,175,282,209
021035215_jpg.rf.6c4a132a5fd51e1dd7f9f94ec90e2f28.jpg,416,416,5,204,120,239,154
021235019_jpg.rf.c74871d3c895fcafdd48233df34caec0.jpg,416,416,+4,256,83,285,104
021235019_jpg.rf.c74871d3c895fcafdd48233df34caec0.jpg,416,416,9,222,91,243,117
021235019_jpg.rf.c74871d3c895fcafdd48233df34caec0.jpg,416,416,change_color,199,98,216,127
021256783_jpg.rf.6520a58f2c9a2c50cd094e68e8541dff.jpg,416,416,5,189,126,208,153
021256783_jpg.rf.6520a58f2c9a2c50cd094e68e8541dff.jpg,416,416,1,151,125,169,148
021256783_jpg.rf.6520a58f2c9a2c50cd094e68e8541dff.jpg,416,416,3,126,132,147,154
021422636_jpg.rf.e6b7cf851bdfffd33c4e7f67c4a9badf.jpg,416,416,2,187,203,209,228
021422636_jpg.rf.e6b7cf851bdfffd33c4e7f67c4a9badf.jpg,416,416,+2,161,195,181,208
021618809_jpg.rf.f14994caa27d648db352e4c144a2cc06.jpg,416,416,change_color,216,128,241,156
021618809_jpg.rf.f14994caa27d648db352e4c144a2cc06.jpg,416,416,9,186,111,208,136
021623467_jpg.rf.eac271deca22495927664127987b6e3d.jpg,416,416,0,310,239,330,260
021623467_jpg.rf.eac271deca22495927664127987b6e3d.jpg,416,416,0,275,217,294,238
021816393_jpg.rf.bb8a18ad7bf0e20844e5eef6a66b0351.jpg,416,416,3,154,136,172,163
021816393_jpg.rf.bb8a18ad7bf0e20844e5eef6a66b0351.jpg,416,416,2,111,137,132,162
022009762_jpg.rf.8470475e473d2532a3313f79bbb1217c.jpg,416,416,9,169,165,195,183
022009762_jpg.rf.8470475e473d2532a3313f79bbb1217c.jpg,416,416,9,155,133,177,157
022322716_jpg.rf.fae5c577b12d2ad708739879df85a3ed.jpg,416,416,1,268,212,286,239
022322716_jpg.rf.fae5c577b12d2ad708739879df85a3ed.jpg,416,416,3,242,199,263,226
022499203_jpg.rf.834bac682123b66b4b3ba52563c15808.jpg,416,416,+4,257,101,299,146
022499203_jpg.rf.834bac682123b66b4b3ba52563c15808.jpg,416,416,2,228,60,267,95
022669846_jpg.rf.9a7da4340d485c2aaa1385cec6b0f533.jpg,416,416,5,147,153,171,180
022669846_jpg.rf.9a7da4340d485c2aaa1385cec6b0f533.jpg,416,416,2,119,148,139,170
022702914_jpg.rf.50128a4032ffb62798e28620b38522e0.jpg,416,416,+2,185,144,222,180
022702914_jpg.rf.50128a4032ffb62798e28620b38522e0.jpg,416,416,2,152,137,178,172
022702914_jpg.rf.50128a4032ffb62798e28620b38522e0.jpg,416,416,0,108,137,140,172
022934144_jpg.rf.be31ae01fd6b00fafb977c78daf052e6.jpg,416,416,+2,302,155,326,181
022934144_jpg.rf.be31ae01fd6b00fafb977c78daf052e6.jpg,416,416,1,263,124,280,148
023403903_jpg.rf.06233d0eeb39a6612f9c30021774dd22.jpg,416,416,8,187,134,221,163
023403903_jpg.rf.06233d0eeb39a6612f9c30021774dd22.jpg,416,416,+2,170,82,204,116
023642458_jpg.rf.ff9865df478ec28eb8ef23f90be4f19c.jpg,416,416,8,182,139,220,172
023642458_jpg.rf.ff9865df478ec28eb8ef23f90be4f19c.jpg,416,416,0,154,104,183,137
023642458_jpg.rf.ff9865df478ec28eb8ef23f90be4f19c.jpg,416,416,0,121,82,150,117
024266349_jpg.rf.5e62a4e5fbf0c65da50849a4bf342772.jpg,416,416,reverse,262,147,302,178
024266349_jpg.rf.5e62a4e5fbf0c65da50849a4bf342772.jpg,416,416,3,234,109,266,145
024276510_jpg.rf.be9068b274a444ee0c88f88cc66fb11f.jpg,416,416,7,208,189,240,232
024313056_jpg.rf.b04afaf06cb85995def1dfe36a81c72e.jpg,416,416,reverse,233,129,259,157
024313056_jpg.rf.b04afaf06cb85995def1dfe36a81c72e.jpg,416,416,5,207,114,227,138
024313056_jpg.rf.b04afaf06cb85995def1dfe36a81c72e.jpg,416,416,2,180,107,200,128
024333291_jpg.rf.c74d09549099c71d9c854bbd6453660e.jpg,416,416,4,280,106,302,128
024333291_jpg.rf.c74d09549099c71d9c854bbd6453660e.jpg,416,416,9,235,114,255,137
024556900_jpg.rf.ac3738f4aeefbc924f5d0a15e550cdff.jpg,416,416,+2,295,155,318,179
024556900_jpg.rf.ac3738f4aeefbc924f5d0a15e550cdff.jpg,416,416,6,276,128,302,152
024681591_jpg.rf.af2874203df71e1585f73d1d22be2143.jpg,416,416,0,152,134,186,169
024681591_jpg.rf.af2874203df71e1585f73d1d22be2143.jpg,416,416,8,110,112,143,146
024681591_jpg.rf.af2874203df71e1585f73d1d22be2143.jpg,416,416,5,76,98,104,135
025003388_jpg.rf.d454b373705e7cbc50d8dde7cc4227e0.jpg,416,416,2,244,165,276,202
025003388_jpg.rf.d454b373705e7cbc50d8dde7cc4227e0.jpg,416,416,2,168,160,199,194
025167848_jpg.rf.91d375bed9ddc2d60b6fd7fffed6179e.jpg,416,416,9,242,95,270,135
025167848_jpg.rf.91d375bed9ddc2d60b6fd7fffed6179e.jpg,416,416,2,197,90,227,131
025169950_jpg.rf.23bd056bed0e13c6790c33675bf538bf.jpg,416,416,8,214,125,244,159
025169950_jpg.rf.23bd056bed0e13c6790c33675bf538bf.jpg,416,416,reverse,172,122,197,162
025169950_jpg.rf.23bd056bed0e13c6790c33675bf538bf.jpg,416,416,0,131,129,163,162
025244487_jpg.rf.8123e8e2ba4073709ad417848bca7b6a.jpg,416,416,6,169,69,198,105
025244487_jpg.rf.8123e8e2ba4073709ad417848bca7b6a.jpg,416,416,9,110,75,146,109
025429298_jpg.rf.be0526559e302f0928a1896d49bc34c8.jpg,416,416,2,204,221,241,252
025429298_jpg.rf.be0526559e302f0928a1896d49bc34c8.jpg,416,416,9,191,186,231,218
025625528_jpg.rf.d0897eb0a66cd77984c452449cb4a5b7.jpg,416,416,9,296,113,325,153
025625528_jpg.rf.d0897eb0a66cd77984c452449cb4a5b7.jpg,416,416,skip,235,102,272,136
025625528_jpg.rf.d0897eb0a66cd77984c452449cb4a5b7.jpg,416,416,0,198,108,227,144
025782859_jpg.rf.174083322e1a74349740791b36cfc753.jpg,416,416,5,159,140,182,158
025782859_jpg.rf.174083322e1a74349740791b36cfc753.jpg,416,416,1,147,108,167,128
025821169_jpg.rf.be6532532a44b6cc0568ba3072a1e5d4.jpg,416,416,0,281,98,302,118
025821169_jpg.rf.be6532532a44b6cc0568ba3072a1e5d4.jpg,416,416,9,251,86,271,107
025821169_jpg.rf.be6532532a44b6cc0568ba3072a1e5d4.jpg,416,416,6,225,80,243,107
025835659_jpg.rf.2e01cf1f0637922be0d831b9bab2992c.jpg,416,416,3,234,226,270,255
025835659_jpg.rf.2e01cf1f0637922be0d831b9bab2992c.jpg,416,416,5,207,183,240,214
025976542_jpg.rf.67a484ca96edf0adb14b00a1d5432ca6.jpg,416,416,7,187,235,210,258
025976542_jpg.rf.67a484ca96edf0adb14b00a1d5432ca6.jpg,416,416,+4,154,197,182,220
025976542_jpg.rf.67a484ca96edf0adb14b00a1d5432ca6.jpg,416,416,0,176,218,194,236
026286601_jpg.rf.b0dca89f483cf71c90fd637a2e854df1.jpg,416,416,8,206,194,236,225
026286601_jpg.rf.b0dca89f483cf71c90fd637a2e854df1.jpg,416,416,+4,148,176,192,208
026580344_jpg.rf.65110b778768d9dc957954b1ddd023d9.jpg,416,416,1,281,215,303,249
026580344_jpg.rf.65110b778768d9dc957954b1ddd023d9.jpg,416,416,2,227,212,260,247
026580344_jpg.rf.65110b778768d9dc957954b1ddd023d9.jpg,416,416,9,189,216,221,251
026770814_jpg.rf.525b26d9ab36ff2995181266467a8460.jpg,416,416,5,154,202,175,225
026770814_jpg.rf.525b26d9ab36ff2995181266467a8460.jpg,416,416,1,129,197,145,221
026967878_jpg.rf.0f2a4c3e39909ec1e439a0a7994be850.jpg,416,416,reverse,183,181,210,197
026967878_jpg.rf.0f2a4c3e39909ec1e439a0a7994be850.jpg,416,416,1,166,156,184,176
026967878_jpg.rf.0f2a4c3e39909ec1e439a0a7994be850.jpg,416,416,1,143,140,160,164
027006947_jpg.rf.30f3b3abca1695bc46eee0321c1f5aad.jpg,416,416,8,278,182,301,201
027006947_jpg.rf.30f3b3abca1695bc46eee0321c1f5aad.jpg,416,416,reverse,256,157,280,175
027039869_jpg.rf.3767e7d53df53656ac6dbafe8eee7187.jpg,416,416,9,161,132,181,157
027039869_jpg.rf.3767e7d53df53656ac6dbafe8eee7187.jpg,416,416,7,134,120,151,140
027039869_jpg.rf.3767e7d53df53656ac6dbafe8eee7187.jpg,416,416,3,110,119,128,139
027046272_jpg.rf.f33e277d8f62f9c7caa71a53e660a3b8.jpg,416,416,skip,195,62,230,97
027046272_jpg.rf.f33e277d8f62f9c7caa71a53e660a3b8.jpg,416,416,3,143,74,178,110
027047922_jpg.rf.b6bc04f9ce63a7f5b524e2c5412ed9d1.jpg,416,416,1,200,80,227,115
027047922_jpg.rf.b6bc04f9ce63a7f5b524e2c5412ed9d1.jpg,416,416,reverse,151,64,181,102
027309686_jpg.rf.241cdd35de771870e2012114416428d5.jpg,416,416,7,288,220,304,243
027309686_jpg.rf.241cdd35de771870e2012114416428d5.jpg,416,416,5,256,217,274,240
027775816_jpg.rf.479fd4c21fcffc05fd08ad45d0acab2f.jpg,416,416,3,263,211,297,242
027775816_jpg.rf.479fd4c21fcffc05fd08ad45d0acab2f.jpg,416,416,7,210,163,239,197
028012133_jpg.rf.1532e8381c691736831f968b8fea436e.jpg,416,416,9,247,187,279,228
028012133_jpg.rf.1532e8381c691736831f968b8fea436e.jpg,416,416,reverse,176,164,204,202
028096723_jpg.rf.c05d074890e2b16aca101c13d7580aaa.jpg,416,416,change_color,206,122,238,163
028096723_jpg.rf.c05d074890e2b16aca101c13d7580aaa.jpg,416,416,0,163,126,193,163
028096723_jpg.rf.c05d074890e2b16aca101c13d7580aaa.jpg,416,416,1,127,140,157,172
028506738_jpg.rf.8c974494c6eb86b4211e4668840ce1ed.jpg,416,416,+2,189,231,215,255
028506738_jpg.rf.8c974494c6eb86b4211e4668840ce1ed.jpg,416,416,5,168,212,190,231
028506738_jpg.rf.8c974494c6eb86b4211e4668840ce1ed.jpg,416,416,change_color,145,203,166,221
028720345_jpg.rf.89f7318be2ce140848d38a5b85799ad6.jpg,416,416,skip,200,150,225,172
028720345_jpg.rf.89f7318be2ce140848d38a5b85799ad6.jpg,416,416,4,184,119,204,140
028720345_jpg.rf.89f7318be2ce140848d38a5b85799ad6.jpg,416,416,5,164,99,187,120
028914419_jpg.rf.6509333c9a3b58216ee0258923a990a3.jpg,416,416,7,282,139,299,160
028914419_jpg.rf.6509333c9a3b58216ee0258923a990a3.jpg,416,416,2,249,142,272,163
029003754_jpg.rf.1d194d093bf37ef9c0c5415f460a3287.jpg,416,416,6,294,121,327,161
029003754_jpg.rf.1d194d093bf37ef9c0c5415f460a3287.jpg,416,416,6,253,103,282,144
029003754_jpg.rf.1d194d093bf37ef9c0c5415f460a3287.jpg,416,416,reverse,213,94,239,133
029102231_jpg.rf.fe2d45826aa6dc1098a0ed31845758ec.jpg,416,416,skip,192,262,217,282
029102231_jpg.rf.fe2d45826aa6dc1098a0ed31845758ec.jpg,416,416,3,171,233,193,258
029397451_jpg.rf.d9e0b0af9c86aa76ec38a05afea20958.jpg,416,416,change_color,176,230,215,263
029397451_jpg.rf.d9e0b0af9c86aa76ec38a05afea20958.jpg,416,416,9,142,210,168,245
029536901_jpg.rf.18012a78a3d48f2444465342aba131ad.jpg,416,416,8,242,223,263,247
029536901_jpg.rf.18012a78a3d48f2444465342aba131ad.jpg,416,416,skip,209,226,232,250
029668912_jpg.rf.a585747bd68c8fb44b3eaa2b35d47fb5.jpg,416,416,+4,282,154,309,180
029668912_jpg.rf.a585747bd68c8fb44b3eaa2b35d47fb5.jpg,416,416,2,249,145,270,169
029668912_jpg.rf.a585747bd68c8fb44b3eaa2b35d47fb5.jpg,416,416,1,223,143,240,163
029903415_jpg.rf.08fe028a02be3813cee6d9a00acea546.jpg,416,416,6,167,168,196,211
029903415_jpg.rf.08fe028a02be3813cee6d9a00acea546.jpg,416,416,skip,121,166,157,205
030688089_jpg.rf.9a959425b9151df68ce076ef25df5c35.jpg,416,416,5,147,142,172,167
030688089_jpg.rf.9a959425b9151df68ce076ef25df5c35.jpg,416,416,8,128,126,150,148
030688089_jpg.rf.9a959425b9151df68ce076ef25df5c35.jpg,416,416,5,106,114,124,139
030924579_jpg.rf.a80e2dd5daccfaa941d9dbad94e68eaa.jpg,416,416,9,286,236,303,262
030924579_jpg.rf.a80e2dd5daccfaa941d9dbad94e68eaa.jpg,416,416,2,258,235,278,261
030924579_jpg.rf.a80e2dd5daccfaa941d9dbad94e68eaa.jpg,416,416,7,227,240,248,264
030955199_jpg.rf.038e1b43db8583cad17c7ab0a6a2dfb3.jpg,416,416,9,295,248,321,268
030955199_jpg.rf.038e1b43db8583cad17c7ab0a6a2dfb3.jpg,416,416,9,266,203,289,225
031038547_jpg.rf.b2ba762beca0430dea6d4322fffdb67b.jpg,416,416,8,246,200,262,220
031038547_jpg.rf.b2ba762beca0430dea6d4322fffdb67b.jpg,416,416,5,213,196,233,219
031038547_jpg.rf.b2ba762beca0430dea6d4322fffdb67b.jpg,416,416,+2,185,200,212,220
031072494_jpg.rf.a6d456115fcf376f355ab67d8560fd88.jpg,416,416,reverse,267,84,284,109
031072494_jpg.rf.a6d456115fcf376f355ab67d8560fd88.jpg,416,416,2,233,83,256,104
031380916_jpg.rf.cb33a371014780ef9c089535a90e8a81.jpg,416,416,reverse,169,90,207,117
031380916_jpg.rf.cb33a371014780ef9c089535a90e8a81.jpg,416,416,5,135,62,164,94
031380916_jpg.rf.cb33a371014780ef9c089535a90e8a81.jpg,416,416,3,96,47,126,79
031461467_jpg.rf.5fe4787566cd44cc8d1c17ff6ecc7404.jpg,416,416,7,228,151,251,170
031461467_jpg.rf.5fe4787566cd44cc8d1c17ff6ecc7404.jpg,416,416,2,209,126,233,150
031469381_jpg.rf.064ba44cb769baef6722f27da4250333.jpg,416,416,1,143,69,170,105
031469381_jpg.rf.064ba44cb769baef6722f27da4250333.jpg,416,416,0,60,85,93,124
031552577_jpg.rf.883fd4e796c7f15463689c6dd402d4cd.jpg,416,416,skip,215,139,252,178
031552577_jpg.rf.883fd4e796c7f15463689c6dd402d4cd.jpg,416,416,0,143,171,173,208
031575919_jpg.rf.b627c4a0cbbb316b60801e733b261427.jpg,416,416,4,269,209,297,243
031575919_jpg.rf.b627c4a0cbbb316b60801e733b261427.jpg,416,416,1,228,202,252,238
031575919_jpg.rf.b627c4a0cbbb316b60801e733b261427.jpg,416,416,1,189,205,213,239
031956567_jpg.rf.8ff459c36b638b80cf83444f481ca028.jpg,416,416,reverse,188,216,215,233
031956567_jpg.rf.8ff459c36b638b80cf83444f481ca028.jpg,416,416,+4,177,183,204,208
031968613_jpg.rf.71809ae088b46068ce0f06bffef9e580.jpg,416,416,8,216,243,241,267
031968613_jpg.rf.71809ae088b46068ce0f06bffef9e580.jpg,416,416,reverse,199,226,223,242
032125727_jpg.rf.e79d7a64eea2f2613d02528ac105db3e.jpg,416,416,+4,294,107,326,129
032125727_jpg.rf.e79d7a64eea2f2613d02528ac105db3e.jpg,416,416,+2,257,99,284,121
032125727_jpg.rf.e79d7a64eea2f2613d02528ac105db3e.jpg,416,416,9,234,103,254,128
032293383_jpg.rf.9d226745dfe748f3160cd415beb82fe7.jpg,416,416,8,238,145,272,178
032293383_jpg.rf.9d226745dfe748f3160cd415beb82fe7.jpg,416,416,6,214,104,252,141
032293383_jpg.rf.9d226745dfe748f3160cd415beb82fe7.jpg,416,416,1,190,74,218,105
032383695_jpg.rf.06ad050b219288b3f508f46212471e12.jpg,416,416,2,193,184,216,208
032383695_jpg.rf.06ad050b219288b3f508f46212471e12.jpg,416,416,0,174,156,196,178
032383695_jpg.rf.06ad050b219288b3f508f46212471e12.jpg,416,416,9,155,136,174,164
032400692_jpg.rf.4d42db1fddd70d969f0be9e248e83c44.jpg,416,416,change_color,259,201,301,231
032400692_jpg.rf.4d42db1fddd70d969f0be9e248e83c44.jpg,416,416,1,246,155,280,185
032400692_jpg.rf.4d42db1fddd70d969f0be9e248e83c44.jpg,416,416,reverse,217,124,254,150
032936188_jpg.rf.96bc5999b7f19c2697931dd95417fc04.jpg,416,416,1,327,231,361,261
032936188_jpg.rf.96bc5999b7f19c2697931dd95417fc04.jpg,416,416,1,300,195,326,227
032936188_jpg.rf.96bc5999b7f19c2697931dd95417fc04.jpg,416,416,+2,260,168,296,202
032936756_jpg.rf.f49bf5cdff5d86beaac58414586e5b38.jpg,416,416,8,138,113,170,150
032936756_jpg.rf.f49bf5cdff5d86beaac58414586e5b38.jpg,416,416,6,72,118,109,161
033295442_jpg.rf.c8f39ee74b4f4a778456198da6b960b9.jpg,416,416,9,235,221,250,245
033295442_jpg.rf.c8f39ee74b4f4a778456198da6b960b9.jpg,416,416,5,181,226,203,253
033388169_jpg.rf.44b23eb183fd0dd10f58c4ce432f410e.jpg,416,416,3,142,245,160,269
033388169_jpg.rf.44b23eb183fd0dd10f58c4ce432f410e.jpg,416,416,6,94,243,114,270
033414633_jpg.rf.fa55b2318bb3fb6888a5aff7c60cf895.jpg,416,416,8,255,162,280,183
033414633_jpg.rf.fa55b2318bb3fb6888a5aff7c60cf895.jpg,416,416,+2,247,132,270,158
033611462_jpg.rf.cecb1d29ceaf7775e511cb766fed35ec.jpg,416,416,8,198,252,218,269
033611462_jpg.rf.cecb1d29ceaf7775e511cb766fed35ec.jpg,416,416,5,185,217,208,236
033611462_jpg.rf.cecb1d29ceaf7775e511cb766fed35ec.jpg,416,416,9,168,194,190,218
033846283_jpg.rf.ff79e95436b58176e7b078ce775f9c06.jpg,416,416,0,213,144,243,178
033846283_jpg.rf.ff79e95436b58176e7b078ce775f9c06.jpg,416,416,9,160,142,194,186
033948169_jpg.rf.ced09cb4a506f76a09ebad270d684695.jpg,416,416,skip,220,187,257,223
033948169_jpg.rf.ced09cb4a506f76a09ebad270d684695.jpg,416,416,+4,177,147,226,183
034034811_jpg.rf.74a0f69cf4f7c6af5be06edb3f7464aa.jpg,416,416,2,169,120,194,141
034034811_jpg.rf.74a0f69cf4f7c6af5be06edb3f7464aa.jpg,416,416,2,158,98,182,124
034034811_jpg.rf.74a0f69cf4f7c6af5be06edb3f7464aa.jpg,416,416,change_color,139,81,169,101
034046912_jpg.rf.2c35c6dbc00e6df4097db4a2e47976a4.jpg,416,416,7,259,163,277,187
034046912_jpg.rf.2c35c6dbc00e6df4097db4a2e47976a4.jpg,416,416,4,231,166,249,189
034113856_jpg.rf.b971e0aa5fe46d4182bf0472c1e405e0.jpg,416,416,change_color,266,199,299,240
034113856_jpg.rf.b971e0aa5fe46d4182bf0472c1e405e0.jpg,416,416,9,225,199,252,236
034113856_jpg.rf.b971e0aa5fe46d4182bf0472c1e405e0.jpg,416,416,8,180,208,211,240
034194536_jpg.rf.ca95336decd600ce6b8e96e82f7aa2c7.jpg,416,416,5,205,189,233,221
034194536_jpg.rf.ca95336decd600ce6b8e96e82f7aa2c7.jpg,416,416,+2,145,171,182,201
034287750_jpg.rf.aeed509e273bd2dd6d6a63e34d8a9735.jpg,416,416,6,185,226,214,263
034287750_jpg.rf.aeed509e273bd2dd6d6a63e34d8a9735.jpg,416,416,reverse,151,212,178,244
034307846_jpg.rf.79c25ce8cdfe6471d7eabb0d3bcd67ba.jpg,416,416,5,276,235,313,267
034307846_jpg.rf.79c25ce8cdfe6471d7eabb0d3bcd67ba.jpg,416,416,1,257,198,288,227
034307846_jpg.rf.79c25ce8cdfe6471d7eabb0d3bcd67ba.jpg,416,416,9,221,166,252,203
034335076_jpg.rf.d6edcb5dcb243a5a0a17f2bc3232bad9.jpg,416,416,change_color,175,191,204,231
034335076_jpg.rf.d6edcb5dcb243a5a0a17f2bc3232bad9.jpg,416,416,skip,127,201,164,235
034335076_jpg.rf.d6edcb5dcb243a5a0a17f2bc3232bad9.jpg,416,416,5,82,220,120,258
034336394_jpg.rf.0ebe48529e74f43d2d1752f76df5f494.jpg,416,416,reverse,297,165,335,194
034336394_jpg.rf.0ebe48529e74f43d2d1752f76df5f494.jpg,416,416,2,242,126,267,161
034842326_jpg.rf.05b44d755a5081004ff2fb3ed7ea7683.jpg,416,416,+2,211,143,236,165
034842326_jpg.rf.05b44d755a5081004ff2fb3ed7ea7683.jpg,416,416,7,169,150,189,171
034893549_jpg.rf.8de8e15958026ebc1503ff36f7e14451.jpg,416,416,+4,305,229,340,269
034893549_jpg.rf.8de8e15958026ebc1503ff36f7e14451.jpg,416,416,9,290,187,326,216
034893549_jpg.rf.8de8e15958026ebc1503ff36f7e14451.jpg,416,416,2,269,146,300,177
034973658_jpg.rf.3809101b60413efc2f1a4c8766d1e372.jpg,416,416,8,274,87,307,118
034973658_jpg.rf.3809101b60413efc2f1a4c8766d1e372.jpg,416,416,reverse,217,42,250,76
035019399_jpg.rf.8a9b88735384f1ec080d22aaf9281de5.jpg,416,416,3,197,156,228,190
035019399_jpg.rf.8a9b88735384f1ec080d22aaf9281de5.jpg,416,416,1,154,120,178,156
035145024_jpg.rf.f8178a021a5e69bfdef685fd9f470f9d.jpg,416,416,reverse,295,120,315,141
035145024_jpg.rf.f8178a021a5e69bfdef685fd9f470f9d.jpg,416,416,skip,266,111,287,130
035145024_jpg.rf.f8178a021a5e69bfdef685fd9f470f9d.jpg,416,416,3,240,109,257,133
035173569_jpg.rf.522644187f04c1a296c55a6a4af9cc7f.jpg,416,416,5,198,138,218,158
035173569_jpg.rf.522644187f04c1a296c55a6a4af9cc7f.jpg,416,416,9,172,115,190,140
035173569_jpg.rf.522644187f04c1a296c55a6a4af9cc7f.jpg,416,416,9,147,103,166,128
035183206_jpg.rf.bdae9b8c3ba5b2f51bd64a133819965f.jpg,416,416,4,271,168,291,188
035183206_jpg.rf.bdae9b8c3ba5b2f51bd64a133819965f.jpg,416,416,1,246,138,264,159
035328209_jpg.rf.da4f6d6488ef977e13458c1c78aaa745.jpg,416,416,skip,173,170,214,203
035328209_jpg.rf.da4f6d6488ef977e13458c1c78aaa745.jpg,416,416,2,136,154,165,189
035328209_jpg.rf.da4f6d6488ef977e13458c1c78aaa745.jpg,416,416,8,93,145,122,174
035409443_jpg.rf.32a568529df526466119c36767445a2f.jpg,416,416,9,143,133,171,169
035409443_jpg.rf.32a568529df526466119c36767445a2f.jpg,416,416,7,102,124,129,155
035409443_jpg.rf.32a568529df526466119c36767445a2f.jpg,416,416,reverse,66,126,90,167
035450766_jpg.rf.fd1bec47d7a1b61be74f0688e8ce9ec6.jpg,416,416,change_color,151,171,181,187
035450766_jpg.rf.fd1bec47d7a1b61be74f0688e8ce9ec6.jpg,416,416,1,142,135,163,156
035489194_jpg.rf.d7c1e35cafa4fd75dbea44177abf352f.jpg,416,416,8,287,122,309,137
035489194_jpg.rf.d7c1e35cafa4fd75dbea44177abf352f.jpg,416,416,7,269,87,289,108
035489194_jpg.rf.d7c1e35cafa4fd75dbea44177abf352f.jpg,416,416,1,251,73,268,94
035624684_jpg.rf.38756838baee3b9fcd51c0c862a1e289.jpg,416,416,7,247,169,267,190
035624684_jpg.rf.38756838baee3b9fcd51c0c862a1e289.jpg,416,416,+2,220,154,245,176
035624684_jpg.rf.38756838baee3b9fcd51c0c862a1e289.jpg,416,416,change_color,196,144,217,170
035883770_jpg.rf.444551303d20309b479210a2de966501.jpg,416,416,skip,162,161,201,190
035883770_jpg.rf.444551303d20309b479210a2de966501.jpg,416,416,+2,141,129,170,155
035993807_jpg.rf.d491beb2335681107b08b33ed529ddfc.jpg,416,416,1,194,91,216,112
035993807_jpg.rf.d491beb2335681107b08b33ed529ddfc.jpg,416,416,8,164,96,187,119
036099201_jpg.rf.289c4a5ea65a8c8daa163c367b52a78f.jpg,416,416,skip,274,146,312,179
036099201_jpg.rf.289c4a5ea65a8c8daa163c367b52a78f.jpg,416,416,4,242,109,274,143
036099201_jpg.rf.289c4a5ea65a8c8daa163c367b52a78f.jpg,416,416,1,218,90,238,123
036209365_jpg.rf.3b258e2b3944aa76b38a78f1adc326db.jpg,416,416,7,235,237,254,260
036209365_jpg.rf.3b258e2b3944aa76b38a78f1adc326db.jpg,416,416,+2,197,235,224,262
036393003_jpg.rf.b4af9582a92be16b129cede1bb7aa8d0.jpg,416,416,7,140,72,168,106
036393003_jpg.rf.b4af9582a92be16b129cede1bb7aa8d0.jpg,416,416,7,104,69,131,105
036393003_jpg.rf.b4af9582a92be16b129cede1bb7aa8d0.jpg,416,416,9,59,75,93,116
036540049_jpg.rf.b6de52257ec5c704917935143412d0a2.jpg,416,416,skip,145,240,172,266
036540049_jpg.rf.b6de52257ec5c704917935143412d0a2.jpg,416,416,change_color,123,227,147,250
036540049_jpg.rf.b6de52257ec5c704917935143412d0a2.jpg,416,416,0,99,214,118,235
036652231_jpg.rf.0a9de6bdca5d8c0114104cd85e66e2b0.jpg,416,416,4,317,95,349,127
036652231_jpg.rf.0a9de6bdca5d8c0114104cd85e66e2b0.jpg,416,416,1,271,33,294,70
036655236_jpg.rf.ac41ffffdab39ba0b72477ca4a8a3b52.jpg,416,416,6,230,196,251,223
036655236_jpg.rf.ac41ffffdab39ba0b72477ca4a8a3b52.jpg,416,416,9,205,200,225,224
036655236_jpg.rf.ac41ffffdab39ba0b72477ca4a8a3b52.jpg,416,416,4,181,208,200,228
037149049_jpg.rf.5f5465260eaa44a88358c72c66e34b4a.jpg,416,416,3,299,193,331,227
037149049_jpg.rf.5f5465260eaa44a88358c72c66e34b4a.jpg,416,416,4,239,160,264,196
037434705_jpg.rf.34e8ab6c2925c9b1e742483326181418.jpg,416,416,3,163,232,184,258
037434705_jpg.rf.34e8ab6c2925c9b1e742483326181418.jpg,416,416,9,127,238,153,263
037436451_jpg.rf.05b31be6e353525755f8eac83ef80584.jpg,416,416,0,181,190,216,223
037436451_jpg.rf.05b31be6e353525755f8eac83ef80584.jpg,416,416,3,146,153,175,184
037573694_jpg.rf.7ebb2626c47acdd8f7507d048aee5db9.jpg,416,416,5,156,236,174,257
037573694_jpg.rf.7ebb2626c47acdd8f7507d048aee5db9.jpg,416,416,skip,120,234,142,252
037640059_jpg.rf.499cae6a1ab5e30f3883117ec2a4684f.jpg,416,416,+4,184,145,226,183
037640059_jpg.rf.499cae6a1ab5e30f3883117ec2a4684f.jpg,416,416,2,136,100,172,137
037706058_jpg.rf.eca91bba2848ac058f5453f9ceaba835.jpg,416,416,+2,270,134,296,160
037706058_jpg.rf.eca91bba2848ac058f5453f9ceaba835.jpg,416,416,4,232,119,251,144
037714896_jpg.rf.11c8a2ecbea1dfdf6557b6669c14287b.jpg,416,416,4,208,104,237,138
037714896_jpg.rf.11c8a2ecbea1dfdf6557b6669c14287b.jpg,416,416,6,127,124,164,158
037759757_jpg.rf.6034ffc65218fb10a490037bb8030fd2.jpg,416,416,3,298,124,327,160
037759757_jpg.rf.6034ffc65218fb10a490037bb8030fd2.jpg,416,416,6,263,108,288,144
037832050_jpg.rf.b96a55e17b82f685563af31eebe1550f.jpg,416,416,1,216,206,231,229
037832050_jpg.rf.b96a55e17b82f685563af31eebe1550f.jpg,416,416,9,180,192,196,215
037885831_jpg.rf.d55879fa1eeba4b9804dcd8b8e662f02.jpg,416,416,9,246,182,275,219
037885831_jpg.rf.d55879fa1eeba4b9804dcd8b8e662f02.jpg,416,416,2,197,165,229,205
038038635_jpg.rf.fb3c4953c5fa9b52cca6036155b3fd1c.jpg,416,416,4,188,225,223,251
038038635_jpg.rf.fb3c4953c5fa9b52cca6036155b3fd1c.jpg,416,416,4,164,192,196,220
038038635_jpg.rf.fb3c4953c5fa9b52cca6036155b3fd1c.jpg,416,416,2,132,164,162,197
038091958_jpg.rf.6c5db06e53965736676314809ca29704.jpg,416,416,skip,269,145,305,180
038091958_jpg.rf.6c5db06e53965736676314809ca29704.jpg,416,416,2,232,151,261,180
038269807_jpg.rf.1c36b62f17701eeb6261d21d252393d1.jpg,416,416,skip,282,195,308,217
038269807_jpg.rf.1c36b62f17701eeb6261d21d252393d1.jpg,416,416,+2,255,187,276,207
038549206_jpg.rf.8953ea76480b1f3ce666a5eea3f4f7a5.jpg,416,416,9,222,183,241,207
038549206_jpg.rf.8953ea76480b1f3ce666a5eea3f4f7a5.jpg,416,416,6,180,163,197,185
038724128_jpg.rf.a9f7153bc2666206b61e0f8aeb2a0404.jpg,416,416,6,166,279,191,299
038724128_jpg.rf.a9f7153bc2666206b61e0f8aeb2a0404.jpg,416,416,8,158,254,178,272
038794859_jpg.rf.c73df085195e4d33c23f2975024df095.jpg,416,416,6,256,138,283,156
038794859_jpg.rf.c73df085195e4d33c23f2975024df095.jpg,416,416,2,237,89,259,111
038963010_jpg.rf.faaffe6a7b2db7cb5cdd1a2c24291ceb.jpg,416,416,9,177,71,210,110
038963010_jpg.rf.faaffe6a7b2db7cb5cdd1a2c24291ceb.jpg,416,416,skip,106,94,138,128
039177280_jpg.rf.12bc7f6eb18d089740359689b52ac109.jpg,416,416,4,172,212,208,243
039177280_jpg.rf.12bc7f6eb18d089740359689b52ac109.jpg,416,416,+2,142,163,177,203
039282238_jpg.rf.bf4506160c38f3de086d9a991724691e.jpg,416,416,5,302,108,328,129
039305607_jpg.rf.475ef0675d79bf5665251ed8a68f9d06.jpg,416,416,7,165,216,182,239
039305607_jpg.rf.475ef0675d79bf5665251ed8a68f9d06.jpg,416,416,4,133,211,153,233
039470916_jpg.rf.8ad376af22daf4268b1340eb749b0bc0.jpg,416,416,6,141,215,173,256
039470916_jpg.rf.8ad376af22daf4268b1340eb749b0bc0.jpg,416,416,5,83,225,117,257
039470916_jpg.rf.8ad376af22daf4268b1340eb749b0bc0.jpg,416,416,9,45,242,85,281
039688519_jpg.rf.d03ec415d6db3d940b7174699fae3e5d.jpg,416,416,+2,280,173,305,197
039688519_jpg.rf.d03ec415d6db3d940b7174699fae3e5d.jpg,416,416,9,245,134,264,161
040113045_jpg.rf.b603acb3d047f067652dc277e4d971f9.jpg,416,416,4,220,172,253,206
040113045_jpg.rf.b603acb3d047f067652dc277e4d971f9.jpg,416,416,4,159,127,190,163
040215928_jpg.rf.4134bfbc1ef47df34d5d2a372120686d.jpg,416,416,reverse,218,149,242,189
040215928_jpg.rf.4134bfbc1ef47df34d5d2a372120686d.jpg,416,416,change_color,173,155,202,197
040300050_jpg.rf.7267843455e823ccac618df9c72caa50.jpg,416,416,9,279,176,298,199
040300050_jpg.rf.7267843455e823ccac618df9c72caa50.jpg,416,416,8,257,159,274,181
040579218_jpg.rf.0005088350e520f7db1b897bd4523808.jpg,416,416,0,170,174,207,201
040579218_jpg.rf.0005088350e520f7db1b897bd4523808.jpg,416,416,+4,158,128,197,162
040609544_jpg.rf.7a27a18c42419a2af71798f6c3d2ad12.jpg,416,416,2,152,157,172,179
040609544_jpg.rf.7a27a18c42419a2af71798f6c3d2ad12.jpg,416,416,3,118,149,138,172
040631360_jpg.rf.ceb5172115526f29e2d56667350c3e56.jpg,416,416,skip,279,90,311,123
040631360_jpg.rf.ceb5172115526f29e2d56667350c3e56.jpg,416,416,2,236,88,271,124
040746130_jpg.rf.b8cbc67f6344dba7c24fe8df465be8eb.jpg,416,416,0,213,217,250,250
040746130_jpg.rf.b8cbc67f6344dba7c24fe8df465be8eb.jpg,416,416,7,187,170,218,203
041104644_jpg.rf.ddca699dde1e17f1107220238df583cb.jpg,416,416,3,296,82,328,124
041104644_jpg.rf.ddca699dde1e17f1107220238df583cb.jpg,416,416,7,240,71,268,100
041124137_jpg.rf.eb52e588bc2a94b6a7b28bfef254b312.jpg,416,416,4,232,212,253,233
041124137_jpg.rf.eb52e588bc2a94b6a7b28bfef254b312.jpg,416,416,7,208,204,225,228
041124137_jpg.rf.eb52e588bc2a94b6a7b28bfef254b312.jpg,416,416,6,182,202,202,229
041194882_jpg.rf.eab8148ad9c1a3a94a5fed01797ced47.jpg,416,416,6,191,144,221,184
041194882_jpg.rf.eab8148ad9c1a3a94a5fed01797ced47.jpg,416,416,1,133,150,163,185
041392326_jpg.rf.39fd0e5e8d68ff254062cf4641df669a.jpg,416,416,4,245,220,276,260
041392326_jpg.rf.39fd0e5e8d68ff254062cf4641df669a.jpg,416,416,8,203,208,232,244
041424582_jpg.rf.5d60ed0959b3b04ceed6bd3e1e9b71e2.jpg,416,416,4,218,247,239,269
041424582_jpg.rf.5d60ed0959b3b04ceed6bd3e1e9b71e2.jpg,416,416,6,200,233,220,254
041424582_jpg.rf.5d60ed0959b3b04ceed6bd3e1e9b71e2.jpg,416,416,skip,174,219,198,241
041542468_jpg.rf.6e4184d4d4c89f87d8508f28895f359a.jpg,416,416,reverse,233,122,261,164
041542468_jpg.rf.6e4184d4d4c89f87d8508f28895f359a.jpg,416,416,7,186,129,215,165
041542468_jpg.rf.6e4184d4d4c89f87d8508f28895f359a.jpg,416,416,9,144,143,179,180
041739403_jpg.rf.d7ba069354439996f2600ad695b5e510.jpg,416,416,7,237,192,272,229
041739403_jpg.rf.d7ba069354439996f2600ad695b5e510.jpg,416,416,8,205,162,236,196
041763746_jpg.rf.173f93b75eaa5f4c1ed642d610c96896.jpg,416,416,3,211,236,234,253
041763746_jpg.rf.173f93b75eaa5f4c1ed642d610c96896.jpg,416,416,1,194,187,208,208
042098494_jpg.rf.87f2adc77ef5614e031448163346a121.jpg,416,416,0,284,233,307,254
042098494_jpg.rf.87f2adc77ef5614e031448163346a121.jpg,416,416,1,261,206,278,229
042098494_jpg.rf.87f2adc77ef5614e031448163346a121.jpg,416,416,7,238,191,255,215
042266695_jpg.rf.61567ca752adb06a4e42395a96c6cc22.jpg,416,416,6,159,134,179,157
042266695_jpg.rf.61567ca752adb06a4e42395a96c6cc22.jpg,416,416,6,110,148,135,173
042364783_jpg.rf.2bf4a3fef29876625b6e2a140c7f4572.jpg,416,416,7,228,77,263,110
042364783_jpg.rf.2bf4a3fef29876625b6e2a140c7f4572.jpg,416,416,7,197,51,227,85
042807113_jpg.rf.8f89c88500be9b1d99c419b6596bdde8.jpg,416,416,5,246,185,269,210
042807113_jpg.rf.8f89c88500be9b1d99c419b6596bdde8.jpg,416,416,9,222,168,243,191
042935150_jpg.rf.cda6eb49ec2d561956be553d1437d012.jpg,416,416,skip,212,199,237,221
042935150_jpg.rf.cda6eb49ec2d561956be553d1437d012.jpg,416,416,1,194,193,209,215
042950179_jpg.rf.02fc381f342c59600e035d23e78d8ac4.jpg,416,416,+4,279,223,320,264
042950179_jpg.rf.02fc381f342c59600e035d23e78d8ac4.jpg,416,416,6,244,181,279,213
042950179_jpg.rf.02fc381f342c59600e035d23e78d8ac4.jpg,416,416,8,218,157,248,194
043034467_jpg.rf.d3c2452691621f63568e8779e6e26c11.jpg,416,416,skip,251,219,275,239
043034467_jpg.rf.d3c2452691621f63568e8779e6e26c11.jpg,416,416,3,199,229,219,253
043104388_jpg.rf.8903b38c2d0e627f65a26973268b9f68.jpg,416,416,skip,227,214,249,236
043104388_jpg.rf.8903b38c2d0e627f65a26973268b9f68.jpg,416,416,9,178,192,195,217
043150397_jpg.rf.ddfff7d8141586a476d66d99aeb21912.jpg,416,416,8,158,181,190,217
043150397_jpg.rf.ddfff7d8141586a476d66d99aeb21912.jpg,416,416,1,99,191,126,230
043264639_jpg.rf.32906c87c275be1497b6b79db969e6e7.jpg,416,416,skip,276,73,310,105
043264639_jpg.rf.32906c87c275be1497b6b79db969e6e7.jpg,416,416,9,234,88,266,120
043264639_jpg.rf.32906c87c275be1497b6b79db969e6e7.jpg,416,416,7,189,103,222,139
043270332_jpg.rf.f5a8decbd2027683529e38e2ab6eca30.jpg,416,416,5,240,115,262,132
043545400_jpg.rf.1e80c81a3ec18dfd4bdbdf21ddc169c4.jpg,416,416,reverse,184,130,199,154
043545400_jpg.rf.1e80c81a3ec18dfd4bdbdf21ddc169c4.jpg,416,416,3,154,131,173,156
043545400_jpg.rf.1e80c81a3ec18dfd4bdbdf21ddc169c4.jpg,416,416,reverse,133,136,146,163
043893047_jpg.rf.5209a38cde69fb1158da4d4867d5fc74.jpg,416,416,6,168,250,193,272
043893047_jpg.rf.5209a38cde69fb1158da4d4867d5fc74.jpg,416,416,9,150,226,170,250
043985073_jpg.rf.bd802e51c60f109752072db32aaa9fbf.jpg,416,416,4,263,235,283,260
043985073_jpg.rf.bd802e51c60f109752072db32aaa9fbf.jpg,416,416,9,240,225,257,249
043985073_jpg.rf.bd802e51c60f109752072db32aaa9fbf.jpg,416,416,8,213,220,231,245
044329432_jpg.rf.4371339e620525af9d3d177d3647ae0f.jpg,416,416,2,221,128,246,150
044329432_jpg.rf.4371339e620525af9d3d177d3647ae0f.jpg,416,416,+2,208,93,232,116
044635304_jpg.rf.276bc5ac8e65ae4a05df91765abb7a32.jpg,416,416,+2,181,212,218,242
044635304_jpg.rf.276bc5ac8e65ae4a05df91765abb7a32.jpg,416,416,+4,131,215,169,253
044884669_jpg.rf.209f0178251ae9195db87d5eaa3d417e.jpg,416,416,+4,272,243,311,282
044884669_jpg.rf.209f0178251ae9195db87d5eaa3d417e.jpg,416,416,+4,255,196,295,237
044936219_jpg.rf.4b6d005d14f57273ac2532e9b0feb4de.jpg,416,416,6,294,173,334,207
044936219_jpg.rf.4b6d005d14f57273ac2532e9b0feb4de.jpg,416,416,5,275,130,311,165
044936219_jpg.rf.4b6d005d14f57273ac2532e9b0feb4de.jpg,416,416,9,245,99,278,139
045673396_jpg.rf.adc96bdbd5062348364667f3a01d33f6.jpg,416,416,4,160,102,190,138
045673396_jpg.rf.adc96bdbd5062348364667f3a01d33f6.jpg,416,416,skip,114,105,146,144
045673396_jpg.rf.adc96bdbd5062348364667f3a01d33f6.jpg,416,416,3,72,118,105,154
045715722_jpg.rf.b78aaaca563bba289a6d27ebb97a57cb.jpg,416,416,0,270,98,299,136
045715722_jpg.rf.b78aaaca563bba289a6d27ebb97a57cb.jpg,416,416,1,192,80,221,119
045852873_jpg.rf.d03c9372a04990300f714f391ceef508.jpg,416,416,7,152,178,173,199
046189223_jpg.rf.450b065e7d0787dae11bf04b7e9dd2ca.jpg,416,416,6,293,113,325,154
046189223_jpg.rf.450b065e7d0787dae11bf04b7e9dd2ca.jpg,416,416,4,245,108,277,144
046189223_jpg.rf.450b065e7d0787dae11bf04b7e9dd2ca.jpg,416,416,5,199,116,233,148
046215107_jpg.rf.581c0f8a31dfe21e91304de6228fb433.jpg,416,416,skip,222,172,261,213
046215107_jpg.rf.581c0f8a31dfe21e91304de6228fb433.jpg,416,416,change_color,157,160,191,200
046351427_jpg.rf.ea6b158f06d263438f8909884169f9b6.jpg,416,416,+4,193,180,237,214
046351427_jpg.rf.ea6b158f06d263438f8909884169f9b6.jpg,416,416,1,118,151,147,190
046473970_jpg.rf.a8404ce66f62d7cec562af86539811ef.jpg,416,416,reverse,255,109,283,130
046473970_jpg.rf.a8404ce66f62d7cec562af86539811ef.jpg,416,416,8,215,69,231,94
046776542_jpg.rf.92904d4d1bc9b1aaff17cce7839b2538.jpg,416,416,+2,205,147,232,175
046776542_jpg.rf.92904d4d1bc9b1aaff17cce7839b2538.jpg,416,416,2,159,156,182,178
046878695_jpg.rf.8726e925806bcbde43c995d4d1b2c9f9.jpg,416,416,9,187,203,224,244
046878695_jpg.rf.8726e925806bcbde43c995d4d1b2c9f9.jpg,416,416,7,113,156,140,194
046902169_jpg.rf.da2c59824664bbd5777e422959a2649e.jpg,416,416,change_color,258,101,284,125
046902169_jpg.rf.da2c59824664bbd5777e422959a2649e.jpg,416,416,3,224,84,244,110
046919843_jpg.rf.6e5131b326d7482d1ceaf677ac1bab3a.jpg,416,416,1,311,99,327,124
046919843_jpg.rf.6e5131b326d7482d1ceaf677ac1bab3a.jpg,416,416,+4,279,81,304,104
047180317_jpg.rf.e0fa1b77b9d0e661a167897087a4e4a3.jpg,416,416,+2,236,85,276,120
047180317_jpg.rf.e0fa1b77b9d0e661a167897087a4e4a3.jpg,416,416,reverse,188,95,218,135
047264209_jpg.rf.47f0c28b5c9778e9ca363269a0d28090.jpg,416,416,9,272,204,304,242
047264209_jpg.rf.47f0c28b5c9778e9ca363269a0d28090.jpg,416,416,1,224,176,249,212
047701066_jpg.rf.4d50d62e13a496ee1920fafa75978d6d.jpg,416,416,9,145,138,179,175
047701066_jpg.rf.4d50d62e13a496ee1920fafa75978d6d.jpg,416,416,+2,107,117,145,154
047737709_jpg.rf.8a56152d1b6b4d3f0b49b3f78e6a13f6.jpg,416,416,9,260,106,289,144
047737709_jpg.rf.8a56152d1b6b4d3f0b49b3f78e6a13f6.jpg,416,416,3,212,107,244,146
047737709_jpg.rf.8a56152d1b6b4d3f0b49b3f78e6a13f6.jpg,416,416,6,169,120,205,158
048358738_jpg.rf.bee30c2733af18627c539ee89320324c.jpg,416,416,4,180,138,199,161
048358738_jpg.rf.bee30c2733af18627c539ee89320324c.jpg,416,416,4,151,128,173,150
048358738_jpg.rf.bee30c2733af18627c539ee89320324c.jpg,416,416,4,128,125,145,147
048445236_jpg.rf.adeb5bca1c358a8f2d47d930818471e3.jpg,416,416,0,291,235,317,257
048445236_jpg.rf.adeb5bca1c358a8f2d47d930818471e3.jpg,416,416,change_color,274,208,303,228
048681941_jpg.rf.6cbf09da117812e9aa272073fbabdd87.jpg,416,416,skip,155,149,181,168
048681941_jpg.rf.6cbf09da117812e9aa272073fbabdd87.jpg,416,416,8,120,154,142,176
048885433_jpg.rf.c926d8d33b5806a2c1f25163ac7f1de9.jpg,416,416,reverse,279,197,302,222
048885433_jpg.rf.c926d8d33b5806a2c1f25163ac7f1de9.jpg,416,416,reverse,254,183,275,204
048917227_jpg.rf.ecfed55db7da4e13630d0e358eb69269.jpg,416,416,7,274,160,309,199
048917227_jpg.rf.ecfed55db7da4e13630d0e358eb69269.jpg,416,416,0,190,121,221,161
048917227_jpg.rf.ecfed55db7da4e13630d0e358eb69269.jpg,416,416,+4,230,140,272,171
049340834_jpg.rf.cd350b3944f8f314a613efeddd78917b.jpg,416,416,9,138,140,157,167
049340834_jpg.rf.cd350b3944f8f314a613efeddd78917b.jpg,416,416,8,83,156,111,181
049340834_jpg.rf.cd350b3944f8f314a613efeddd78917b.jpg,416,416,4,112,145,133,170
049388736_jpg.rf.8348f71c2401db70bb66a5e49327402a.jpg,416,416,5,160,164,182,195
049388736_jpg.rf.8348f71c2401db70bb66a5e49327402a.jpg,416,416,9,122,163,144,191
049623457_jpg.rf.e170d4321df73d09e6fa4a60acdc945f.jpg,416,416,1,249,143,268,172
049623457_jpg.rf.e170d4321df73d09e6fa4a60acdc945f.jpg,416,416,0,216,137,236,162
